id:ID,:LABEL
0,User
1,User
2,User
3,User
4,User
5,User
6,User
7,User
8,User
9,User
10,User
11,User
12,User
13,User
14,User
15,User
16,User
17,User
18,User
19,User
20,User
21,User
22,User
23,User
24,User
25,User
26,User
27,User
28,User
29,User
30,User
31,User
32,User
33,User
34,User
35,User
36,User
37,User
38,User
39,User
40,User
41,User
42,User
43,User
44,User
45,User
46,User
47,User
48,User
49,User
50,User
51,User
52,User
53,User
54,User
55,User
56,User
57,User
58,User
59,User
60,User
61,User
62,User
63,User
64,User
65,User
66,User
67,User
68,User
69,User
70,User
71,User
72,User
73,User
74,User
75,User
76,User
77,User
78,User
79,User
80,User
81,User
82,User
83,User
84,User
85,User
86,User
87,User
88,User
89,User
90,User
91,User
92,User
93,User
94,User
95,User
96,User
97,User
98,User
99,User
100,User
101,User
102,User
103,User
104,User
105,User
106,User
107,User
108,User
109,User
110,User
111,User
112,User
113,User
114,User
115,User
116,User
117,User
118,User
119,User
120,User
121,User
122,User
123,User
124,User
125,User
126,User
127,User
128,User
129,User
130,User
131,User
132,User
133,User
134,User
135,User
136,User
137,User
138,User
139,User
140,User
141,User
142,User
143,User
144,User
145,User
146,User
147,User
148,User
149,User
150,User
151,User
152,User
153,User
154,User
155,User
156,User
157,User
158,User
159,User
160,User
161,User
162,User
163,User
164,User
165,User
166,User
167,User
168,User
169,User
170,User
171,User
172,User
173,User
174,User
175,User
176,User
177,User
178,User
179,User
180,User
181,User
182,User
183,User
184,User
185,User
186,User
187,User
188,User
189,User
190,User
191,User
192,User
193,User
194,User
195,User
196,User
197,User
198,User
199,User
200,User
201,User
202,User
203,User
204,User
205,User
206,User
207,User
208,User
209,User
210,User
211,User
212,User
213,User
214,User
215,User
216,User
217,User
218,User
219,User
220,User
221,User
222,User
223,User
224,User
225,User
226,User
227,User
228,User
229,User
230,User
231,User
232,User
233,User
234,User
235,User
236,User
237,User
238,User
239,User
240,User
241,User
242,User
243,User
244,User
245,User
246,User
247,User
248,User
249,User
250,User
251,User
252,User
253,User
254,User
255,User
256,User
257,User
258,User
259,User
260,User
261,User
262,User
263,User
264,User
265,User
266,User
267,User
268,User
269,User
270,User
271,User
272,User
273,User
274,User
275,User
276,User
277,User
278,User
279,User
280,User
281,User
282,User
283,User
284,User
285,User
286,User
287,User
288,User
289,User
290,User
291,User
292,User
293,User
294,User
295,User
296,User
297,User
298,User
299,User
300,User
301,User
302,User
303,User
304,User
305,User
306,User
307,User
308,User
309,User
310,User
311,User
312,User
313,User
314,User
315,User
316,User
317,User
318,User
319,User
320,User
321,User
322,User
323,User
324,User
325,User
326,User
327,User
328,User
329,User
330,User
331,User
332,User
333,User
334,User
335,User
336,User
337,User
338,User
339,User
340,User
341,User
342,User
343,User
344,User
345,User
346,User
347,User
348,User
349,User
350,User
351,User
352,User
353,User
354,User
355,User
356,User
357,User
358,User
359,User
360,User
361,User
362,User
363,User
364,User
365,User
366,User
367,User
368,User
369,User
370,User
371,User
372,User
373,User
374,User
375,User
376,User
377,User
378,User
379,User
380,User
381,User
382,User
383,User
384,User
385,User
386,User
387,User
388,User
389,User
390,User
391,User
392,User
393,User
394,User
395,User
396,User
397,User
398,User
399,User
400,User
401,User
402,User
403,User
404,User
405,User
406,User
407,User
408,User
409,User
410,User
411,User
412,User
413,User
414,User
415,User
416,User
417,User
418,User
419,User
420,User
421,User
422,User
423,User
424,User
425,User
426,User
427,User
428,User
429,User
430,User
431,User
432,User
433,User
434,User
435,User
436,User
437,User
438,User
439,User
440,User
441,User
442,User
443,User
444,User
445,User
446,User
447,User
448,User
449,User
450,User
451,User
452,User
453,User
454,User
455,User
456,User
457,User
458,User
459,User
460,User
461,User
462,User
463,User
464,User
465,User
466,User
467,User
468,User
469,User
470,User
471,User
472,User
473,User
474,User
475,User
476,User
477,User
478,User
479,User
480,User
481,User
482,User
483,User
484,User
485,User
486,User
487,User
488,User
489,User
490,User
491,User
492,User
493,User
494,User
495,User
496,User
497,User
498,User
499,User
